{
  "HUMPPA_LITERAL": {
    "wt-tribosphenic-2014": {
      "cell_count_history": [
        19,
        19,
        19,
        19,
        19
      ],
      "cell_count_plateau": 19.0,
      "cell_count_final": 19,
      "cusp_count": 7,
      "cusp_width": 0.49529647251946524,
      "vertex_envelope": {
        "x_min": 2.5483321284774987,
        "x_max": 4.078951223190843,
        "y_min": 7.885722335612265,
        "y_max": 9.021533307633328,
        "z_min": 58.575665961442695,
        "z_max": 59.47460843969199
      },
      "regime": "plateau",
      "row_label": "HUMPPA_LITERAL",
      "base_preset": "HUMPPA_LITERAL",
      "perturbation": {},
      "params_file": "/home/lyndon/repo/project/ToothmakerTranslation/examples/wt-tribosphenic-2014.txt",
      "returncode": 0
    }
  },
  "LEGACY_FORTRAN": {
    "wt-tribosphenic-2014": {
      "cell_count_history": [
        19,
        19,
        19,
        19,
        19
      ],
      "cell_count_plateau": 19.0,
      "cell_count_final": 19,
      "cusp_count": 7,
      "cusp_width": 0.49529647251946524,
      "vertex_envelope": {
        "x_min": 2.5483321284774987,
        "x_max": 4.078951223190843,
        "y_min": 7.885722335612265,
        "y_max": 9.021533307633328,
        "z_min": 58.575665961442695,
        "z_max": 59.47460843969199
      },
      "regime": "plateau",
      "row_label": "LEGACY_FORTRAN",
      "base_preset": "LEGACY_FORTRAN",
      "perturbation": {},
      "params_file": "/home/lyndon/repo/project/ToothmakerTranslation/examples/wt-tribosphenic-2014.txt",
      "returncode": 0
    }
  },
  "PAPER_2010": {
    "wt-tribosphenic-2014": {
      "cell_count_history": [
        19,
        19,
        19,
        19,
        19
      ],
      "cell_count_plateau": 19.0,
      "cell_count_final": 19,
      "cusp_count": 19,
      "cusp_width": 0.6927900198487115,
      "vertex_envelope": {
        "x_min": -1.1579174532172738,
        "x_max": 1.2442813594969406,
        "y_min": -0.8882815311664347,
        "y_max": 0.837109009254661,
        "z_min": 1.0006173396094318,
        "z_max": 1.0139408532763716
      },
      "regime": "plateau",
      "row_label": "PAPER_2010",
      "base_preset": "PAPER_2010",
      "perturbation": {},
      "params_file": "/home/lyndon/repo/project/ToothmakerTranslation/examples/wt-tribosphenic-2014.txt",
      "returncode": 0
    }
  },
  "PAPER_LITERAL_2010": {
    "wt-tribosphenic-2014": {
      "cell_count_history": [
        19,
        19,
        19,
        19,
        19
      ],
      "cell_count_plateau": 19.0,
      "cell_count_final": 19,
      "cusp_count": 0,
      "cusp_width": 0.0,
      "vertex_envelope": {
        "x_min": -0.6533321187812354,
        "x_max": 0.30995593592692283,
        "y_min": -0.4344051497858439,
        "y_max": 0.43440514978584177,
        "z_min": 1.0012049809912493,
        "z_max": 1.0630341815639968
      },
      "regime": "plateau",
      "row_label": "PAPER_LITERAL_2010",
      "base_preset": "PAPER_LITERAL_2010",
      "perturbation": {},
      "params_file": "/home/lyndon/repo/project/ToothmakerTranslation/examples/wt-tribosphenic-2014.txt",
      "returncode": 0
    }
  },
  "PATH_B_DEFAULT": {
    "wt-tribosphenic-2014": {
      "cell_count_history": [
        19,
        19,
        19,
        19,
        19
      ],
      "cell_count_plateau": 19.0,
      "cell_count_final": 19,
      "cusp_count": 19,
      "cusp_width": 0.6927900198487115,
      "vertex_envelope": {
        "x_min": -1.1579174532172738,
        "x_max": 1.2442813594969406,
        "y_min": -0.8882815311664347,
        "y_max": 0.837109009254661,
        "z_min": 1.0006173396094318,
        "z_max": 1.0139408532763716
      },
      "regime": "plateau",
      "row_label": "PATH_B_DEFAULT",
      "base_preset": "PATH_B_DEFAULT",
      "perturbation": {},
      "params_file": "/home/lyndon/repo/project/ToothmakerTranslation/examples/wt-tribosphenic-2014.txt",
      "returncode": 0
    }
  }
}
