{
  "cell_count_history": [
    19,
    19,
    19,
    19,
    19
  ],
  "cell_count_plateau": 19.0,
  "cell_count_final": 19,
  "cusp_count": 19,
  "cusp_width": 0.2838431519963178,
  "vertex_envelope": {
    "x_min": -1.0419365976747834,
    "x_max": -0.09773827237117196,
    "y_min": -0.4664880135486109,
    "y_max": 0.46708133236928184,
    "z_min": 1.0012049809912493,
    "z_max": 1.0467415744393003
  },
  "regime": "plateau",
  "row_label": "PAPER_2010",
  "base_preset": "PAPER_2010",
  "perturbation": {},
  "params_file": "/home/lyndon/repo/project/ToothmakerTranslation/experiments/discretisation-study/act-sweep-2014/params/Act_0.3.txt",
  "returncode": 0,
  "timed_out": false
}
