{
  "cell_count_history": [
    19,
    19,
    19,
    19,
    19
  ],
  "cell_count_plateau": 19.0,
  "cell_count_final": 19,
  "cusp_count": 19,
  "cusp_width": 0.6930915503657775,
  "vertex_envelope": {
    "x_min": -1.1556988478570736,
    "x_max": 1.246452610423323,
    "y_min": -0.8882645329078181,
    "y_max": 0.8371123693170768,
    "z_min": 1.0011341722946319,
    "z_max": 1.0200325337046143
  },
  "regime": "plateau",
  "row_label": "PAPER_2010",
  "base_preset": "PAPER_2010",
  "perturbation": {},
  "params_file": "/home/lyndon/repo/project/ToothmakerTranslation/experiments/discretisation-study/act-sweep-2014/params/Act_1.0.txt",
  "returncode": 0,
  "timed_out": false
}
