{
  "cell_count_history": [
    19,
    19,
    19,
    19,
    19
  ],
  "cell_count_plateau": 19.0,
  "cell_count_final": 19,
  "cusp_count": 19,
  "cusp_width": 0.6931986328835077,
  "vertex_envelope": {
    "x_min": -1.1573018786299953,
    "x_max": 1.2450904675519798,
    "y_min": -0.8883184707808717,
    "y_max": 0.8373722746920402,
    "z_min": 1.0011949374588307,
    "z_max": 1.021821089518995
  },
  "regime": "plateau",
  "row_label": "PAPER_2010",
  "base_preset": "PAPER_2010",
  "perturbation": {},
  "params_file": "/home/lyndon/repo/project/ToothmakerTranslation/experiments/discretisation-study/act-sweep-2014/params/Act_0.9.txt",
  "returncode": 0,
  "timed_out": false
}
