{
  "cell_count_history": [
    19,
    19,
    19,
    19,
    19,
    19,
    19,
    19,
    19,
    19,
    19,
    19,
    19,
    19,
    19,
    19,
    19,
    19,
    19,
    19,
    19,
    19,
    19,
    19,
    19,
    19,
    19,
    19
  ],
  "cell_count_plateau": 19.0,
  "cell_count_final": 19,
  "cusp_count": 0,
  "cusp_width": 0.0,
  "vertex_envelope": {
    "x_min": -1.3210379596303499,
    "x_max": -0.3578880150935699,
    "y_min": -0.4343804164884237,
    "y_max": 0.4343804164884173,
    "z_min": 1.0012049809912493,
    "z_max": 1.0630341815639968
  },
  "regime": "plateau",
  "row_label": "PAPER_2010",
  "base_preset": "PAPER_2010",
  "perturbation": {},
  "params_file": "/home/lyndon/repo/project/ToothmakerTranslation/examples/wt-tribosphenic-2014-paper-ina.txt",
  "returncode": 0,
  "timed_out": false
}
