{
  "cell_count_history": [
    19,
    19,
    19,
    19,
    19
  ],
  "cell_count_plateau": 19.0,
  "cell_count_final": 19,
  "cusp_count": 19,
  "cusp_width": 0.6928889434119824,
  "vertex_envelope": {
    "x_min": -1.164073750734461,
    "x_max": 1.2383347058185605,
    "y_min": -0.8373467556070995,
    "y_max": 0.8883231615005107,
    "z_min": 1.0008300286106266,
    "z_max": 1.0160348673113258
  },
  "regime": "plateau",
  "row_label": "PAPER_2010",
  "base_preset": "PAPER_2010",
  "perturbation": {},
  "params_file": "/home/lyndon/repo/project/ToothmakerTranslation/experiments/discretisation-study/act-sweep-2014/params/Act_1.3.txt",
  "returncode": 0,
  "timed_out": false
}
