{
  "cell_count_history": [
    19,
    19,
    19,
    19,
    19,
    19,
    19,
    19,
    19,
    19,
    19,
    19,
    19,
    19,
    19,
    19,
    19,
    19,
    19,
    19,
    19,
    19,
    19,
    19,
    19,
    19,
    19,
    19
  ],
  "cell_count_plateau": 19.0,
  "cell_count_final": 19,
  "cusp_count": 0,
  "cusp_width": 0.0,
  "vertex_envelope": {
    "x_min": 2.515471264747632,
    "x_max": 4.109031448551257,
    "y_min": 204.04155030230015,
    "y_max": 205.15582814535665,
    "z_min": 128.71812368443375,
    "z_max": 129.49129088964526
  },
  "regime": "plateau",
  "row_label": "LEGACY_FORTRAN",
  "base_preset": "LEGACY_FORTRAN",
  "perturbation": {},
  "params_file": "/home/lyndon/repo/project/ToothmakerTranslation/examples/wt-tribosphenic-2014-paper-ina.txt",
  "returncode": 0,
  "timed_out": false
}
