{
  "cell_count_history": [
    19,
    19,
    19,
    19,
    19
  ],
  "cell_count_plateau": 19.0,
  "cell_count_final": 19,
  "cusp_count": 19,
  "cusp_width": 0.27549082019802107,
  "vertex_envelope": {
    "x_min": -0.6369398641031253,
    "x_max": 0.2956616067132662,
    "y_min": -0.4606893893346073,
    "y_max": 0.46068938933460585,
    "z_min": 1.0012049809912493,
    "z_max": 1.0630341815639968
  },
  "regime": "plateau",
  "row_label": "PAPER_2010",
  "base_preset": "PAPER_2010",
  "perturbation": {},
  "params_file": "/home/lyndon/repo/project/ToothmakerTranslation/experiments/discretisation-study/act-sweep-2014/params/Act_0.1.txt",
  "returncode": 0,
  "timed_out": false
}
